{
  "domain_weights": {
    "0": 1.1695906323438976e-06,
    "1": 2.339181264687795e-06,
    "2": 2.339181264687795e-06,
    "3": 1.1695906323438976e-06,
    "4": 1.1695906323438976e-06,
    "5": 4.093567440577317e-06,
    "6": 8.771928150963504e-06,
    "7": 3.5087718970316928e-06,
    "8": 2.339181264687795e-06,
    "9": 8.18713306216523e-06,
    "10": 1.7543859485158464e-06,
    "11": 1.1695906323438976e-06,
    "12": 8.771928150963504e-06,
    "13": 2.923976580859744e-06,
    "14": 4.67836252937559e-06,
    "15": 5.263157618173864e-06,
    "16": 0.9999064803123474,
    "17": 1.1695906323438976e-06,
    "18": 1.7543859485158464e-06,
    "19": 5.847952706972137e-06,
    "20": 1.1695906323438976e-06,
    "21": 8.771928150963504e-06,
    "22": 2.339181264687795e-06,
    "23": 1.1695906323438976e-06,
    "24": 2.339181264687795e-06,
    "25": 9.35672505875118e-06
  },
  "avg_domain_weights": {
    "0": 0.0067613571882247925,
    "1": 0.002333007287234068,
    "2": 0.0013621756806969643,
    "3": 0.006276011932641268,
    "4": 8.886667637852952e-05,
    "5": 0.0012032485101372004,
    "6": 0.2471788227558136,
    "7": 0.0012983406195417047,
    "8": 0.0011977190151810646,
    "9": 0.04045618698000908,
    "10": 0.025364186614751816,
    "11": 0.001166167901828885,
    "12": 0.22353613376617432,
    "13": 3.66073873010464e-05,
    "14": 5.8571811678120866e-05,
    "15": 0.004196129273623228,
    "16": 0.07617557048797607,
    "17": 0.0011666122591122985,
    "18": 2.1964424377074465e-05,
    "19": 0.002647667657583952,
    "20": 0.027769487351179123,
    "21": 0.2395051270723343,
    "22": 0.0034850798547267914,
    "23": 0.026039546355605125,
    "24": 0.060403820127248764,
    "25": 0.0002686016377992928
  },
  "train_domain_cluster_weights": [
    5.847953161719488e-07,
    5.847953161719488e-07,
    5.847953161719488e-07,
    5.847953161719488e-07,
    5.847953161719488e-07,
    5.847953161719488e-07,
    5.847953161719488e-07,
    5.847953161719488e-07,
    5.847953161719488e-07,
    5.847953161719488e-07,
    5.847953161719488e-07,
    5.847953161719488e-07,
    5.847953161719488e-07,
    5.847953161719488e-07,
    5.847953161719488e-07,
    5.847953161719488e-07,
    5.847953161719488e-07,
    5.847953161719488e-07,
    5.847953161719488e-07,
    5.847953161719488e-07,
    5.847953161719488e-07,
    5.847953161719488e-07,
    5.847953161719488e-07,
    5.847953161719488e-07,
    5.847953161719488e-07,
    5.847953161719488e-07,
    5.847953161719488e-07,
    5.847953161719488e-07,
    5.847953161719488e-07,
    5.847953161719488e-07,
    5.847953161719488e-07,
    5.847953161719488e-07,
    5.847953161719488e-07,
    5.847953161719488e-07,
    5.847953161719488e-07,
    5.847953161719488e-07,
    5.847953161719488e-07,
    5.847953161719488e-07,
    5.847953161719488e-07,
    5.847953161719488e-07,
    5.847953161719488e-07,
    5.847953161719488e-07,
    5.847953161719488e-07,
    5.847953161719488e-07,
    5.847953161719488e-07,
    5.847953161719488e-07,
    5.847953161719488e-07,
    5.847953161719488e-07,
    5.847953161719488e-07,
    5.847953161719488e-07,
    5.847953161719488e-07,
    5.847953161719488e-07,
    5.847953161719488e-07,
    5.847953161719488e-07,
    5.847953161719488e-07,
    5.847953161719488e-07,
    5.847953161719488e-07,
    5.847953161719488e-07,
    5.847953161719488e-07,
    5.847953161719488e-07,
    5.847953161719488e-07,
    5.847953161719488e-07,
    5.847953161719488e-07,
    5.847953161719488e-07,
    5.847953161719488e-07,
    5.847953161719488e-07,
    5.847953161719488e-07,
    5.847953161719488e-07,
    5.847953161719488e-07,
    5.847953161719488e-07,
    5.847953161719488e-07,
    5.847953161719488e-07,
    5.847953161719488e-07,
    5.847953161719488e-07,
    5.847953161719488e-07,
    5.847953161719488e-07,
    5.847953161719488e-07,
    5.847953161719488e-07,
    5.847953161719488e-07,
    5.847953161719488e-07,
    5.847953161719488e-07,
    5.847953161719488e-07,
    5.847953161719488e-07,
    5.847953161719488e-07,
    5.847953161719488e-07,
    5.847953161719488e-07,
    5.847953161719488e-07,
    5.847953161719488e-07,
    5.847953161719488e-07,
    5.847953161719488e-07,
    5.847953161719488e-07,
    5.847953161719488e-07,
    5.847953161719488e-07,
    5.847953161719488e-07,
    5.847953161719488e-07,
    5.847953161719488e-07,
    5.847953161719488e-07,
    5.847953161719488e-07,
    5.847953161719488e-07,
    5.847953161719488e-07,
    5.847953161719488e-07,
    5.847953161719488e-07,
    5.847953161719488e-07,
    5.847953161719488e-07,
    5.847953161719488e-07,
    5.847953161719488e-07,
    5.847953161719488e-07,
    0.9999005794525146,
    5.847953161719488e-07,
    5.847953161719488e-07,
    5.847953161719488e-07,
    5.847953161719488e-07,
    5.847953161719488e-07,
    5.847953161719488e-07,
    5.847953161719488e-07,
    5.847953161719488e-07,
    5.847953161719488e-07,
    5.847953161719488e-07,
    5.847953161719488e-07,
    5.847953161719488e-07,
    5.847953161719488e-07,
    5.847953161719488e-07,
    5.847953161719488e-07,
    5.847953161719488e-07,
    5.847953161719488e-07,
    5.847953161719488e-07,
    5.847953161719488e-07,
    5.847953161719488e-07,
    5.847953161719488e-07,
    5.847953161719488e-07,
    5.847953161719488e-07,
    5.847953161719488e-07,
    5.847953161719488e-07,
    5.847953161719488e-07,
    5.847953161719488e-07,
    5.847953161719488e-07,
    5.847953161719488e-07,
    5.847953161719488e-07,
    5.847953161719488e-07,
    5.847953161719488e-07,
    5.847953161719488e-07,
    5.847953161719488e-07,
    5.847953161719488e-07,
    5.847953161719488e-07,
    5.847953161719488e-07,
    5.847953161719488e-07,
    5.847953161719488e-07,
    5.847953161719488e-07,
    5.847953161719488e-07,
    5.847953161719488e-07,
    5.847953161719488e-07,
    5.847953161719488e-07,
    5.847953161719488e-07,
    5.847953161719488e-07,
    5.847953161719488e-07,
    5.847953161719488e-07,
    5.847953161719488e-07,
    5.847953161719488e-07,
    5.847953161719488e-07,
    5.847953161719488e-07,
    5.847953161719488e-07,
    5.847953161719488e-07,
    5.847953161719488e-07,
    5.847953161719488e-07,
    5.847953161719488e-07,
    5.847953161719488e-07,
    5.847953161719488e-07,
    5.847953161719488e-07,
    5.847953161719488e-07,
    5.847953161719488e-07,
    5.847953161719488e-07
  ],