{
  "train_domain_weights": {
    "accidents": 0.0011335710296407342,
    "airline": 0.0007110849255695939,
    "baseball": 0.11767374724149704,
    "basketball": 0.0033674128353595734,
    "carcinogenesis": 3.189790731994435e-05,
    "ccs": 8.863100447342731e-06,
    "chembl": 0.08451396971940994,
    "consumer": 8.664820597914513e-06,
    "credit": 7.900977652752772e-05,
    "employee": 0.0001042564763338305,
    "financial": 1.5338859157054685e-05,
    "fnhk": 0.028274333104491234,
    "grants": 0.0013142197858542204,
    "hepatitis": 8.501492629875429e-06,
    "hockey": 0.0009029661887325346,
    "legalacts": 1.1197159437870141e-05,
    "movielens": 0.02866794541478157,
    "sakila": 7.836762961233035e-06,
    "sap": 1.2517632058006711e-05,
    "seznam": 0.00034752837382256985,
    "ssb": 8.950338269642089e-06,
    "talkingdata": 0.7258092761039734,
    "telstra": 0.00010622919216984883,
    "tournament": 0.0019809177611023188,
    "tpc_h": 0.0014070294564589858,
    "tubepricing": 0.003496415913105011
  },
  "eval_domain_weights": {
    "accidents": 0.0011335710296407342,
    "airline": 0.0007110849255695939,
    "baseball": 0.11767374724149704,
    "basketball": 0.0033674128353595734,
    "carcinogenesis": 3.189790731994435e-05,
    "ccs": 8.863100447342731e-06,
    "chembl": 0.08451396971940994,
    "consumer": 8.664820597914513e-06,
    "credit": 7.900977652752772e-05,
    "employee": 0.0001042564763338305,
    "financial": 1.5338859157054685e-05,
    "fnhk": 0.028274333104491234,
    "grants": 0.0013142197858542204,
    "hepatitis": 8.501492629875429e-06,
    "hockey": 0.0009029661887325346,
    "legalacts": 1.1197159437870141e-05,
    "movielens": 0.02866794541478157,
    "sakila": 7.836762961233035e-06,
    "sap": 1.2517632058006711e-05,
    "seznam": 0.00034752837382256985,
    "ssb": 8.950338269642089e-06,
    "talkingdata": 0.7258092761039734,
    "telstra": 0.00010622919216984883,
    "tournament": 0.0019809177611023188,
    "tpc_h": 0.0014070294564589858,
    "tubepricing": 0.003496415913105011
  }
}