{
  "train_domain_weights": {
    "accidents": 0.0023703218903392553,
    "airline": 0.014076191000640392,
    "baseball": 0.1651211529970169,
    "basketball": 0.017848290503025055,
    "carcinogenesis": 0.00155574269592762,
    "ccs": 1.5589084796374664e-05,
    "chembl": 0.1306154876947403,
    "consumer": 1.0700939128582831e-05,
    "credit": 0.00012474962568376213,
    "employee": 0.005128125194460154,
    "financial": 0.0007830365211702883,
    "fnhk": 0.05312260985374451,
    "grants": 0.011742941103875637,
    "hepatitis": 1.7630602087592706e-05,
    "hockey": 0.01638978160917759,
    "legalacts": 1.892714135465212e-05,
    "movielens": 0.06839564442634583,
    "sakila": 1.3937190487922635e-05,
    "sap": 7.322718010982499e-05,
    "seznam": 0.027010682970285416,
    "ssb": 1.0543095413595438e-05,
    "talkingdata": 0.4418197572231293,
    "telstra": 0.0033816948998719454,
    "tournament": 0.020140917971730232,
    "tpc_h": 0.0020808414556086063,
    "tubepricing": 0.018041135743260384
  },
  "eval_domain_weights": {
    "accidents": 0.0023703218903392553,
    "airline": 0.014076191000640392,
    "baseball": 0.1651211529970169,
    "basketball": 0.017848290503025055,
    "carcinogenesis": 0.00155574269592762,
    "ccs": 1.5589084796374664e-05,
    "chembl": 0.1306154876947403,
    "consumer": 1.0700939128582831e-05,
    "credit": 0.00012474962568376213,
    "employee": 0.005128125194460154,
    "financial": 0.0007830365211702883,
    "fnhk": 0.05312260985374451,
    "grants": 0.011742941103875637,
    "hepatitis": 1.7630602087592706e-05,
    "hockey": 0.01638978160917759,
    "legalacts": 1.892714135465212e-05,
    "movielens": 0.06839564442634583,
    "sakila": 1.3937190487922635e-05,
    "sap": 7.322718010982499e-05,
    "seznam": 0.027010682970285416,
    "ssb": 1.0543095413595438e-05,
    "talkingdata": 0.4418197572231293,
    "telstra": 0.0033816948998719454,
    "tournament": 0.020140917971730232,
    "tpc_h": 0.0020808414556086063,
    "tubepricing": 0.018041135743260384
  }
}