{
  "train_domain_weights": {
    "accidents": 0.0006192224100232124,
    "airline": 1.4917073713149875e-05,
    "baseball": 0.2967429459095001,
    "basketball": 0.0314481146633625,
    "carcinogenesis": 6.298054813669296e-06,
    "ccs": 6.9872958192718215e-06,
    "chembl": 0.2426474243402481,
    "consumer": 5.578440777753713e-06,
    "credit": 6.93678084644489e-05,
    "employee": 0.0029783344361931086,
    "financial": 7.623794772371184e-06,
    "fnhk": 0.03849617391824722,
    "grants": 0.046466607600450516,
    "hepatitis": 5.9203553064435255e-06,
    "hockey": 8.771889042691328e-06,
    "legalacts": 7.879865734139457e-06,
    "movielens": 0.020715583115816116,
    "sakila": 6.686068445560522e-06,
    "sap": 7.5184693741903175e-06,
    "seznam": 0.0007562809623777866,
    "ssb": 5.647299076372292e-06,
    "talkingdata": 0.14614787697792053,
    "telstra": 2.6746547518996522e-05,
    "tournament": 0.000734498433303088,
    "tpc_h": 0.000780836446210742,
    "tubepricing": 0.17119741439819336
  },
  "eval_domain_weights": {
    "accidents": 0.0006192224100232124,
    "airline": 1.4917073713149875e-05,
    "baseball": 0.2967429459095001,
    "basketball": 0.0314481146633625,
    "carcinogenesis": 6.298054813669296e-06,
    "ccs": 6.9872958192718215e-06,
    "chembl": 0.2426474243402481,
    "consumer": 5.578440777753713e-06,
    "credit": 6.93678084644489e-05,
    "employee": 0.0029783344361931086,
    "financial": 7.623794772371184e-06,
    "fnhk": 0.03849617391824722,
    "grants": 0.046466607600450516,
    "hepatitis": 5.9203553064435255e-06,
    "hockey": 8.771889042691328e-06,
    "legalacts": 7.879865734139457e-06,
    "movielens": 0.020715583115816116,
    "sakila": 6.686068445560522e-06,
    "sap": 7.5184693741903175e-06,
    "seznam": 0.0007562809623777866,
    "ssb": 5.647299076372292e-06,
    "talkingdata": 0.14614787697792053,
    "telstra": 2.6746547518996522e-05,
    "tournament": 0.000734498433303088,
    "tpc_h": 0.000780836446210742,
    "tubepricing": 0.17119741439819336
  }
}