{
    "train_domain_weights": {
        "accidents": 0.03846153846153,
        "airline": 0.03846153846153,
        "baseball": 0.03846153846153,
        "basketball": 0.03846153846153,
        "carcinogenesis": 0.03846153846153,
        "ccs": 0.03846153846153,
        "chembl": 0.03846153846153,
        "consumer": 0.03846153846153,
        "credit": 0.03846153846153,
        "employee": 0.03846153846153,
        "financial": 0.03846153846153,
        "fnhk": 0.03846153846153,
        "grants": 0.03846153846153,
        "hepatitis": 0.03846153846153,
        "hockey": 0.03846153846153,
        "legalacts": 0.03846153846153,
        "movielens": 0.03846153846153,
        "sakila": 0.03846153846153,
        "sap": 0.03846153846153,
        "seznam": 0.03846153846153,
        "ssb": 0.03846153846153,
        "talkingdata": 0.03846153846153,
        "telstra": 0.03846153846153,
        "tournament": 0.03846153846153,
        "tpc_h": 0.03846153846153,
        "tubepricing": 0.03846153846153
    },
    "total_num": 50000
}