{
  "0": 0.0067613571882247925,
  "1": 0.002333007287234068,
  "2": 0.0013621756806969643,
  "3": 0.006276011932641268,
  "4": 8.886667637852952e-05,
  "5": 0.0012032485101372004,
  "6": 0.2471788227558136,
  "7": 0.0012983406195417047,
  "8": 0.0011977190151810646,
  "9": 0.04045618698000908,
  "10": 0.025364186614751816,
  "11": 0.001166167901828885,
  "12": 0.22353613376617432,
  "13": 3.66073873010464e-05,
  "14": 5.8571811678120866e-05,
  "15": 0.004196129273623228,
  "16": 0.07617557048797607,
  "17": 0.0011666122591122985,
  "18": 2.1964424377074465e-05,
  "19": 0.002647667657583952,
  "20": 0.027769487351179123,
  "21": 0.2395051270723343,
  "22": 0.0034850798547267914,
  "23": 0.026039546355605125,
  "24": 0.060403820127248764,
  "25": 0.0002686016377992928
}